{"region_metadata": [{"name": "west", "label_location": {"latitude": 1.35735, "longitude": 103.7}}, {"name": "national", "label_location": {"latitude": 0, "longitude": 0}}, {"name": "east", "label_location": {"latitude": 1.35735, "longitude": 103.94}}, {"name": "central", "label_location": {"latitude": 1.35735, "longitude": 103.82}}, {"name": "south", "label_location": {"latitude": 1.29587, "longitude": 103.82}}, {"name": "north", "label_location": {"latitude": 1.41803, "longitude": 103.82}}], "items": [{"timestamp": "2019-01-20T13:00:00+08:00", "update_timestamp": "2019-01-20T13:03:52+08:00", "readings": {"o3_sub_index": {"west": 9, "national": 15, "east": 8, "central": 15, "south": 14, "north": 12}, "pm10_twenty_four_hourly": {"west": 31, "national": 39, "east": 39, "central": 26, "south": 33, "north": 24}, "pm10_sub_index": {"west": 31, "national": 39, "east": 39, "central": 26, "south": 33, "north": 24}, "co_sub_index": {"west": 5, "national": 5, "east": 3, "central": 3, "south": 5, "north": 5}, "pm25_twenty_four_hourly": {"west": 13, "national": 14, "east": 14, "central": 11, "south": 13, "north": 12}, "so2_sub_index": {"west": 2, "national": 3, "east": 2, "central": 2, "south": 1, "north": 3}, "co_eight_hour_max": {"west": 0.47, "national": 0.5, "east": 0.35, "central": 0.28, "south": 0.5, "north": 0.46}, "no2_one_hour_max": {"west": 2, "national": 7, "east": 7, "central": 7, "south": 7, "north": 4}, "so2_twenty_four_hourly": {"west": 4, "national": 5, "east": 3, "central": 3, "south": 2, "north": 5}, "pm25_sub_index": {"west": 52, "national": 53, "east": 53, "central": 47, "south": 52, "north": 49}, "psi_twenty_four_hourly": {"west": 52, "national": 53, "east": 53, "central": 47, "south": 52, "north": 49}, "o3_eight_hour_max": {"west": 22, "national": 35, "east": 18, "central": 35, "south": 34, "north": 27}}}], "api_info": {"status": "healthy"}}