{"items": [{"timestamp": "2019-01-20T14:42:59+08:00", "cameras": [{"timestamp": "2019-01-20T14:42:19+08:00", "image": "https://images.data.gov.sg/api/traffic-images/2019/01/e317e15b-b09a-46bc-b5e8-d0a416df46f5.jpg", "location": {"latitude": 1.34355015, "longitude": 103.8601984}, "camera_id": "1702", "image_metadata": {"height": 480, "width": 640, "md5": "42a81b3d9fab34f0b8abb76092db193f"}}, {"timestamp": "2019-01-20T14:42:19+08:00", "image": "https://images.data.gov.sg/api/traffic-images/2019/01/18efa418-3327-4d5f-848f-9c4f54a03f84.jpg", "location": {"latitude": 1.28569398886979, "longitude": 103.837524510188}, "camera_id": "1704", "image_metadata": {"height": 480, "width": 640, "md5": "0868054eaed2c015fdb997b095f71c26"}}, {"timestamp": "2019-01-20T14:42:19+08:00", "image": "https://images.data.gov.sg/api/traffic-images/2019/01/b01d505d-8d74-4f62-831b-7565f6aa6266.jpg", "location": {"latitude": 1.375925022, "longitude": 103.8587986}, "camera_id": "1705", "image_metadata": {"height": 480, "width": 640, "md5": "949907ba6dd0ce2a299ae0bff428a90f"}}, {"timestamp": "2019-01-20T14:42:19+08:00", "image": "https://images.data.gov.sg/api/traffic-images/2019/01/36f741c6-6934-40b5-be55-e39dedc18afa.jpg", "location": {"latitude": 1.38861, "longitude": 103.85806}, "camera_id": "1706", "image_metadata": {"height": 480, "width": 640, "md5": "35ab6728572d06f3dea12d90a5cdd1f1"}}, {"timestamp": "2019-01-20T14:42:19+08:00", "image": "https://images.data.gov.sg/api/traffic-images/2019/01/a798289c-464b-4dae-a2e9-5278bea74f8f.jpg", "location": {"latitude": 1.28036584335876, "longitude": 103.830451146503}, "camera_id": "1707", "image_metadata": {"height": 480, "width": 640, "md5": "505cf8a95eb5dbd6c041a900c57fde1d"}}, {"timestamp": "2019-01-20T14:42:19+08:00", "image": "https://images.data.gov.sg/api/traffic-images/2019/01/e5bd93f9-454c-4aa4-b63e-5bfcd0424551.jpg", "location": {"latitude": 1.31384231654635, "longitude": 103.845603032574}, "camera_id": "1709", "image_metadata": {"height": 480, "width": 640, "md5": "fe243acfb18b488c82455d3af421da62"}}, {"timestamp": "2019-01-20T14:42:19+08:00", "image": "https://images.data.gov.sg/api/traffic-images/2019/01/00352050-f56c-472b-bde9-7961904156d0.jpg", "location": {"latitude": 1.35296, "longitude": 103.85719}, "camera_id": "1711", "image_metadata": {"height": 480, "width": 640, "md5": "ca429b42eebf5a44a6458bae18a31037"}}, {"timestamp": "2019-01-20T14:42:19+08:00", "image": "https://images.data.gov.sg/api/traffic-images/2019/01/a5edf91f-a511-45a5-9ab2-ce91bd1b3a89.jpg", "location": {"latitude": 1.447023728, "longitude": 103.7716543}, "camera_id": "2701", "image_metadata": {"height": 480, "width": 640, "md5": "d061a4cf30b4222a562b7ceae9a2b2e7"}}, {"timestamp": "2019-01-20T14:42:19+08:00", "image": "https://images.data.gov.sg/api/traffic-images/2019/01/d13445ed-c309-42f9-96d8-b3281ab8cfb0.jpg", "location": {"latitude": 1.445554109, "longitude": 103.7683397}, "camera_id": "2702", "image_metadata": {"height": 480, "width": 640, "md5": "3572fda2c901f7c5dda1c246922b0753"}}, {"timestamp": "2019-01-20T14:42:19+08:00", "image": "https://images.data.gov.sg/api/traffic-images/2019/01/015283b5-8212-4223-8418-1d2b0f58e66f.jpg", "location": {"latitude": 1.348697862, "longitude": 103.6350413}, "camera_id": "4703", "image_metadata": {"height": 480, "width": 640, "md5": "3b703f767e962abdf869210a3503d9bc"}}, {"timestamp": "2019-01-20T14:42:19+08:00", "image": "https://images.data.gov.sg/api/traffic-images/2019/01/b75f22d6-ffa2-4b7c-a8da-a8d7ad4ff364.jpg", "location": {"latitude": 1.32153, "longitude": 103.75273}, "camera_id": "4710", "image_metadata": {"height": 480, "width": 640, "md5": "53fd2ba12350d9d4f74b1f9a31913974"}}, {"timestamp": "2019-01-20T14:42:19+08:00", "image": "https://images.data.gov.sg/api/traffic-images/2019/01/94638079-ed88-4e34-bdee-6ebbbac812d8.jpg", "location": {"latitude": 1.347645829, "longitude": 103.6366955}, "camera_id": "4713", "image_metadata": {"height": 480, "width": 640, "md5": "7fe6aef346cce31c3475f9b883cd0b26"}}, {"timestamp": "2019-01-20T14:41:19+08:00", "image": "https://images.data.gov.sg/api/traffic-images/2019/01/3bb4260b-3594-4329-a68a-5c12cc8dd9ee.jpg", "location": {"latitude": 1.27414394350065, "longitude": 103.851316802547}, "camera_id": "1501", "image_metadata": {"height": 240, "width": 320, "md5": "9c6d6fe9e14c244b6d7ae6c36b10ba24"}}, {"timestamp": "2019-01-20T14:41:19+08:00", "image": "https://images.data.gov.sg/api/traffic-images/2019/01/aca1a543-2de5-4646-97b0-cc11ec96790f.jpg", "location": {"latitude": 1.27066408655104, "longitude": 103.856977943394}, "camera_id": "1503", "image_metadata": {"height": 240, "width": 320, "md5": "6549a023f8f082dc34f4984a2e661ac1"}}, {"timestamp": "2019-01-20T14:41:19+08:00", "image": "https://images.data.gov.sg/api/traffic-images/2019/01/9f69807b-4e3d-4e11-83ce-e5dc52e8a935.jpg", "location": {"latitude": 1.29409891409364, "longitude": 103.876056196568}, "camera_id": "1504", "image_metadata": {"height": 240, "width": 320, "md5": "d591e525b71d2cfa2f23568f2f90d1f1"}}, {"timestamp": "2019-01-20T14:41:19+08:00", "image": "https://images.data.gov.sg/api/traffic-images/2019/01/b84ef01f-1066-42cc-97e1-70284fbab330.jpg", "location": {"latitude": 1.2752977149006, "longitude": 103.866390381759}, "camera_id": "1505", "image_metadata": {"height": 240, "width": 320, "md5": "c2a6cf5d98a9dd04064f6652a327acbb"}}, {"timestamp": "2019-01-20T14:41:19+08:00", "image": "https://images.data.gov.sg/api/traffic-images/2019/01/36450e23-30f8-44e4-924e-f2dfa4219b66.jpg", "location": {"latitude": 1.323604823, "longitude": 103.8587802}, "camera_id": "1701", "image_metadata": {"height": 480, "width": 640, "md5": "892d78e8fb2806946eaa4cc8a1115114"}}, {"timestamp": "2019-01-20T14:41:19+08:00", "image": "https://images.data.gov.sg/api/traffic-images/2019/01/7d9ef113-9b68-467a-a08c-f2ddddececdb.jpg", "location": {"latitude": 1.32814722194857, "longitude": 103.862203282048}, "camera_id": "1703", "image_metadata": {"height": 480, "width": 640, "md5": "66a53ac791245be7de60b09e74d39859"}}, {"timestamp": "2019-01-20T14:41:19+08:00", "image": "https://images.data.gov.sg/api/traffic-images/2019/01/94892c38-7618-4309-9702-cdad9ef9009c.jpg", "location": {"latitude": 1.429588536, "longitude": 103.769311}, "camera_id": "2704", "image_metadata": {"height": 480, "width": 640, "md5": "ba6e3134708a193fe13dfb4034e49515"}}, {"timestamp": "2019-01-20T14:41:19+08:00", "image": "https://images.data.gov.sg/api/traffic-images/2019/01/07d63fb7-a8ca-4f78-baac-0145d142a59b.jpg", "location": {"latitude": 1.36728572, "longitude": 103.7794698}, "camera_id": "2705", "image_metadata": {"height": 480, "width": 640, "md5": "5c6e86d92deadd36bc6cce3f779c8d26"}}, {"timestamp": "2019-01-20T14:41:19+08:00", "image": "https://images.data.gov.sg/api/traffic-images/2019/01/0461b04e-0576-479c-a1fa-2691941c6d1e.jpg", "location": {"latitude": 1.414142, "longitude": 103.771168}, "camera_id": "2706", "image_metadata": {"height": 480, "width": 640, "md5": "db731f79813bcd6a376f926da37c2b43"}}, {"timestamp": "2019-01-20T14:41:19+08:00", "image": "https://images.data.gov.sg/api/traffic-images/2019/01/a27f2032-063e-4e7f-84fc-2b101df417a8.jpg", "location": {"latitude": 1.3865, "longitude": 103.7747}, "camera_id": "2708", "image_metadata": {"height": 480, "width": 640, "md5": "de05c0ed03ba4a52bc94b373d26ad451"}}, {"timestamp": "2019-01-20T14:41:19+08:00", "image": "https://images.data.gov.sg/api/traffic-images/2019/01/fcf9e758-8a79-4870-83b2-0ada8add2f74.jpg", "location": {"latitude": 1.33831, "longitude": 103.98032}, "camera_id": "3702", "image_metadata": {"height": 480, "width": 640, "md5": "dc1f19d935501691c042d858d93e7f2c"}}, {"timestamp": "2019-01-20T14:41:19+08:00", "image": "https://images.data.gov.sg/api/traffic-images/2019/01/117ddd1a-70ce-468d-a552-be83c1838583.jpg", "location": {"latitude": 1.2958550156561, "longitude": 103.880314665981}, "camera_id": "3704", "image_metadata": {"height": 480, "width": 640, "md5": "5086e0ed57c98ff7e961862c6c246c7e"}}, {"timestamp": "2019-01-20T14:41:19+08:00", "image": "https://images.data.gov.sg/api/traffic-images/2019/01/2a3f6bee-2c05-40f2-8597-b781cc519951.jpg", "location": {"latitude": 1.309330837, "longitude": 103.9350504}, "camera_id": "3793", "image_metadata": {"height": 480, "width": 640, "md5": "5c86995c77857768882952551c6e8d8d"}}, {"timestamp": "2019-01-20T14:41:19+08:00", "image": "https://images.data.gov.sg/api/traffic-images/2019/01/c07ced54-c355-403a-8932-9b13dcec1eac.jpg", "location": {"latitude": 1.30145145166066, "longitude": 103.910596320237}, "camera_id": "3795", "image_metadata": {"height": 480, "width": 640, "md5": "3c2880cb792c1a0680d7ff14de013211"}}, {"timestamp": "2019-01-20T14:41:19+08:00", "image": "https://images.data.gov.sg/api/traffic-images/2019/01/a703968b-e9e8-41df-92f0-e584a865324b.jpg", "location": {"latitude": 1.297512569, "longitude": 103.8983019}, "camera_id": "3796", "image_metadata": {"height": 480, "width": 640, "md5": "8da89743ebf3509aa9927f99e2f27bcf"}}, {"timestamp": "2019-01-20T14:41:19+08:00", "image": "https://images.data.gov.sg/api/traffic-images/2019/01/21194726-c969-480e-9c15-d3d8fce7fab3.jpg", "location": {"latitude": 1.29565733262976, "longitude": 103.885283049309}, "camera_id": "3797", "image_metadata": {"height": 288, "width": 384, "md5": "b28782d442300e618ea411eca3352b10"}}, {"timestamp": "2019-01-20T14:41:19+08:00", "image": "https://images.data.gov.sg/api/traffic-images/2019/01/b0aa6e6f-73ac-4d06-ab68-2502892aeb7b.jpg", "location": {"latitude": 1.29158484, "longitude": 103.8615987}, "camera_id": "3798", "image_metadata": {"height": 288, "width": 384, "md5": "2ec891743de91705d52ff7ffc1662449"}}, {"timestamp": "2019-01-20T14:41:19+08:00", "image": "https://images.data.gov.sg/api/traffic-images/2019/01/29538d5a-2c6a-40f6-8888-2efbbc58db93.jpg", "location": {"latitude": 1.2871, "longitude": 103.79633}, "camera_id": "4701", "image_metadata": {"height": 288, "width": 384, "md5": "574b3f6a6f926a07b81ae411b01e4a9c"}}, {"timestamp": "2019-01-20T14:41:19+08:00", "image": "https://images.data.gov.sg/api/traffic-images/2019/01/c4787b79-9ced-4e8a-b4c8-0d29432531ae.jpg", "location": {"latitude": 1.27237, "longitude": 103.8324}, "camera_id": "4702", "image_metadata": {"height": 288, "width": 384, "md5": "8bf1292cc3b6027008b4eb896ca99658"}}, {"timestamp": "2019-01-20T14:41:19+08:00", "image": "https://images.data.gov.sg/api/traffic-images/2019/01/ac84a98b-fcb9-48ce-a316-60be5e649b95.jpg", "location": {"latitude": 1.27877, "longitude": 103.82375}, "camera_id": "4704", "image_metadata": {"height": 288, "width": 384, "md5": "9f30de5789aec749a3f47938534452c5"}}, {"timestamp": "2019-01-20T14:41:19+08:00", "image": "https://images.data.gov.sg/api/traffic-images/2019/01/903d869f-b149-460c-8732-4cde5e0b614a.jpg", "location": {"latitude": 1.32618, "longitude": 103.73028}, "camera_id": "4705", "image_metadata": {"height": 480, "width": 640, "md5": "b4f32e541147837f597239c67e0d3e5c"}}, {"timestamp": "2019-01-20T14:41:19+08:00", "image": "https://images.data.gov.sg/api/traffic-images/2019/01/564134c1-2b55-4a2c-ac29-7ee5334a8fff.jpg", "location": {"latitude": 1.29792, "longitude": 103.78205}, "camera_id": "4706", "image_metadata": {"height": 288, "width": 384, "md5": "4dbbc45d524a482c145c8939700bb2ef"}}, {"timestamp": "2019-01-20T14:41:19+08:00", "image": "https://images.data.gov.sg/api/traffic-images/2019/01/43f932e6-d422-4bea-8c07-6f81f8d9762f.jpg", "location": {"latitude": 1.33344648135658, "longitude": 103.652700847056}, "camera_id": "4707", "image_metadata": {"height": 480, "width": 640, "md5": "db7a87c8a52f51abcb7e4769ab8bc5c0"}}, {"timestamp": "2019-01-20T14:41:19+08:00", "image": "https://images.data.gov.sg/api/traffic-images/2019/01/9fb7e71f-96eb-496c-b1c2-07e9a18a3aa1.jpg", "location": {"latitude": 1.29939, "longitude": 103.7799}, "camera_id": "4708", "image_metadata": {"height": 480, "width": 640, "md5": "22109f28e17b8b7bddffd25e32672a2a"}}, {"timestamp": "2019-01-20T14:41:19+08:00", "image": "https://images.data.gov.sg/api/traffic-images/2019/01/cd5ae3cf-2b40-4973-be25-bd6bb7fe9012.jpg", "location": {"latitude": 1.312019, "longitude": 103.763002}, "camera_id": "4709", "image_metadata": {"height": 480, "width": 640, "md5": "f5149fd12625d08486be44c48e4b0660"}}, {"timestamp": "2019-01-20T14:41:19+08:00", "image": "https://images.data.gov.sg/api/traffic-images/2019/01/c313eed5-6737-4fe6-bd9a-b3c7c1f86aa7.jpg", "location": {"latitude": 1.341244001, "longitude": 103.6439134}, "camera_id": "4712", "image_metadata": {"height": 480, "width": 640, "md5": "b25c2a315ba381a41aa16c5731b119ff"}}, {"timestamp": "2019-01-20T14:41:19+08:00", "image": "https://images.data.gov.sg/api/traffic-images/2019/01/7010e224-ab54-4327-a7b4-50d17a40545d.jpg", "location": {"latitude": 1.31023, "longitude": 103.76438}, "camera_id": "4714", "image_metadata": {"height": 480, "width": 640, "md5": "367ca10814cd9b28a3bc295f8c740e27"}}, {"timestamp": "2019-01-20T14:41:19+08:00", "image": "https://images.data.gov.sg/api/traffic-images/2019/01/93494cb6-984d-4827-b00c-ddd7c679c3d2.jpg", "location": {"latitude": 1.32227, "longitude": 103.67453}, "camera_id": "4716", "image_metadata": {"height": 480, "width": 640, "md5": "758ad039663e7d670e600b27890d735f"}}, {"timestamp": "2019-01-20T14:41:19+08:00", "image": "https://images.data.gov.sg/api/traffic-images/2019/01/5a081898-65b4-4287-ab6a-25b5c63f9bc1.jpg", "location": {"latitude": 1.25999999687243, "longitude": 103.823611110166}, "camera_id": "4798", "image_metadata": {"height": 480, "width": 640, "md5": "7b13198bb516d15f680054999a15aabc"}}, {"timestamp": "2019-01-20T14:41:19+08:00", "image": "https://images.data.gov.sg/api/traffic-images/2019/01/fef0cd97-c942-4e37-90c3-a9069b565692.jpg", "location": {"latitude": 1.26027777363278, "longitude": 103.823888890049}, "camera_id": "4799", "image_metadata": {"height": 480, "width": 640, "md5": "5bdc7e26b029d24838e74d92695dc9b1"}}, {"timestamp": "2019-01-20T14:41:19+08:00", "image": "https://images.data.gov.sg/api/traffic-images/2019/01/78fbf198-0a7b-498f-a1de-e14e54e5977d.jpg", "location": {"latitude": 1.3309693, "longitude": 103.9168616}, "camera_id": "5794", "image_metadata": {"height": 480, "width": 640, "md5": "5a50e0fc846277ff10795ef3797650a1"}}, {"timestamp": "2019-01-20T14:41:19+08:00", "image": "https://images.data.gov.sg/api/traffic-images/2019/01/8cf650e0-d6c0-48cf-9f2f-247343847bd0.jpg", "location": {"latitude": 1.326024822, "longitude": 103.905625}, "camera_id": "5795", "image_metadata": {"height": 480, "width": 640, "md5": "be2870f865ec83ed3d2033a8c790edbd"}}, {"timestamp": "2019-01-20T14:41:19+08:00", "image": "https://images.data.gov.sg/api/traffic-images/2019/01/6771547e-b7ba-4a29-a4b1-92df0c0d3ed9.jpg", "location": {"latitude": 1.322875288, "longitude": 103.8910793}, "camera_id": "5797", "image_metadata": {"height": 288, "width": 384, "md5": "a934c7ca55832c7ed8326ffdec99e0e3"}}, {"timestamp": "2019-01-20T14:41:19+08:00", "image": "https://images.data.gov.sg/api/traffic-images/2019/01/5e60d5e9-abf6-46aa-9dc1-3522e3b58f61.jpg", "location": {"latitude": 1.32036078126842, "longitude": 103.877174116489}, "camera_id": "5798", "image_metadata": {"height": 288, "width": 384, "md5": "2936f76ce049368e1d904348f2952428"}}, {"timestamp": "2019-01-20T14:41:19+08:00", "image": "https://images.data.gov.sg/api/traffic-images/2019/01/1f5b6312-2407-45e7-9fe5-09e09e59357a.jpg", "location": {"latitude": 1.328171608, "longitude": 103.8685191}, "camera_id": "5799", "image_metadata": {"height": 288, "width": 384, "md5": "32034c2df279bc4a213e7e9daad25b90"}}, {"timestamp": "2019-01-20T14:41:19+08:00", "image": "https://images.data.gov.sg/api/traffic-images/2019/01/3b2570b3-2ad0-48be-bd24-31a29f23d836.jpg", "location": {"latitude": 1.329334, "longitude": 103.858222}, "camera_id": "6701", "image_metadata": {"height": 480, "width": 640, "md5": "8029227b1da320b0612574ae6367f722"}}, {"timestamp": "2019-01-20T14:41:19+08:00", "image": "https://images.data.gov.sg/api/traffic-images/2019/01/9e9e917f-1c8e-4fc1-98b6-094fbe01d639.jpg", "location": {"latitude": 1.328899, "longitude": 103.84121}, "camera_id": "6703", "image_metadata": {"height": 480, "width": 640, "md5": "2985138c2da6af7c4c24d6e0870df1e7"}}, {"timestamp": "2019-01-20T14:41:19+08:00", "image": "https://images.data.gov.sg/api/traffic-images/2019/01/702b6744-e18c-4e12-a3b2-02aac32b2ac1.jpg", "location": {"latitude": 1.32657403632366, "longitude": 103.826857295633}, "camera_id": "6704", "image_metadata": {"height": 288, "width": 384, "md5": "949b0549d0d23a32acf593ec52120760"}}, {"timestamp": "2019-01-20T14:41:19+08:00", "image": "https://images.data.gov.sg/api/traffic-images/2019/01/12257b4b-a099-4af0-8da5-df8a67c85046.jpg", "location": {"latitude": 1.332124, "longitude": 103.81768}, "camera_id": "6705", "image_metadata": {"height": 480, "width": 640, "md5": "9a82c0b89f0f44cf0d59e815f309a584"}}, {"timestamp": "2019-01-20T14:41:19+08:00", "image": "https://images.data.gov.sg/api/traffic-images/2019/01/757fecd3-d3dd-4e7b-8115-652925a38ff4.jpg", "location": {"latitude": 1.349428893, "longitude": 103.7952799}, "camera_id": "6706", "image_metadata": {"height": 480, "width": 640, "md5": "bbe76de621a836c8974292d82adb0d73"}}, {"timestamp": "2019-01-20T14:41:19+08:00", "image": "https://images.data.gov.sg/api/traffic-images/2019/01/9d6feaeb-d18f-47c1-a60c-ba4d1a587b03.jpg", "location": {"latitude": 1.345996, "longitude": 103.69016}, "camera_id": "6708", "image_metadata": {"height": 480, "width": 640, "md5": "00ec1f37c014c31295d7e91093737b97"}}, {"timestamp": "2019-01-20T14:41:19+08:00", "image": "https://images.data.gov.sg/api/traffic-images/2019/01/68a3708d-40d6-4615-8ef8-b5cda5581fc7.jpg", "location": {"latitude": 1.344205, "longitude": 103.78577}, "camera_id": "6710", "image_metadata": {"height": 480, "width": 640, "md5": "e4e4ab6ce1cfb91f592e18ffde2e42ea"}}, {"timestamp": "2019-01-20T14:41:19+08:00", "image": "https://images.data.gov.sg/api/traffic-images/2019/01/4a7051d7-6143-4ca6-966a-e632bf399180.jpg", "location": {"latitude": 1.33771, "longitude": 103.977827}, "camera_id": "6711", "image_metadata": {"height": 480, "width": 640, "md5": "369c137552f640a159dc9ed3c30b5ad2"}}, {"timestamp": "2019-01-20T14:41:19+08:00", "image": "https://images.data.gov.sg/api/traffic-images/2019/01/4d8fa2cb-400c-4b63-8b38-d2fa046332a8.jpg", "location": {"latitude": 1.332691, "longitude": 103.770278}, "camera_id": "6712", "image_metadata": {"height": 480, "width": 640, "md5": "191f228597e95e62a09254408d2ee3ef"}}, {"timestamp": "2019-01-20T14:41:19+08:00", "image": "https://images.data.gov.sg/api/traffic-images/2019/01/8e71e4af-d05d-415f-9d58-e1da55633f65.jpg", "location": {"latitude": 1.340298, "longitude": 103.945652}, "camera_id": "6713", "image_metadata": {"height": 480, "width": 640, "md5": "6ef2f8805a7e9394df96cf3c6446d9f5"}}, {"timestamp": "2019-01-20T14:41:19+08:00", "image": "https://images.data.gov.sg/api/traffic-images/2019/01/86fd5c98-463b-4f90-a24c-5687562a3da6.jpg", "location": {"latitude": 1.361742, "longitude": 103.703341}, "camera_id": "6714", "image_metadata": {"height": 480, "width": 640, "md5": "3b3cce1307bd0239bdd89807c081e552"}}, {"timestamp": "2019-01-20T14:41:19+08:00", "image": "https://images.data.gov.sg/api/traffic-images/2019/01/edf11050-7fcb-4173-82e1-09af72505531.jpg", "location": {"latitude": 1.356299, "longitude": 103.716071}, "camera_id": "6715", "image_metadata": {"height": 480, "width": 640, "md5": "1759cbcf23125d386268d6aaf8107e6a"}}, {"timestamp": "2019-01-20T14:41:19+08:00", "image": "https://images.data.gov.sg/api/traffic-images/2019/01/d15838a6-ee2c-4875-8b2d-2b7a39e54828.jpg", "location": {"latitude": 1.322893, "longitude": 103.663505}, "camera_id": "6716", "image_metadata": {"height": 480, "width": 640, "md5": "e704e0e667987947237eaf64ed19a150"}}, {"timestamp": "2019-01-20T14:41:19+08:00", "image": "https://images.data.gov.sg/api/traffic-images/2019/01/c28b931f-0609-4621-8270-37c36001271a.jpg", "location": {"latitude": 1.354245, "longitude": 103.963782}, "camera_id": "7791", "image_metadata": {"height": 288, "width": 384, "md5": "6d604005fad86c8f78f29dba22b6ada0"}}, {"timestamp": "2019-01-20T14:41:19+08:00", "image": "https://images.data.gov.sg/api/traffic-images/2019/01/34313551-5511-4f8e-9e9b-15e9050cc9db.jpg", "location": {"latitude": 1.37704704, "longitude": 103.92946983}, "camera_id": "7793", "image_metadata": {"height": 480, "width": 640, "md5": "2b9a9dcf16b4067224c56b459c9d1bd6"}}, {"timestamp": "2019-01-20T14:41:19+08:00", "image": "https://images.data.gov.sg/api/traffic-images/2019/01/db6e21f8-2d7e-44ea-9596-f04f57173f0f.jpg", "location": {"latitude": 1.37988658, "longitude": 103.92009174}, "camera_id": "7794", "image_metadata": {"height": 480, "width": 640, "md5": "8a207db1cdc25cd0825a337347fa18d4"}}, {"timestamp": "2019-01-20T14:41:19+08:00", "image": "https://images.data.gov.sg/api/traffic-images/2019/01/f811f772-0638-430e-b993-181e096451b0.jpg", "location": {"latitude": 1.38432741, "longitude": 103.91585701}, "camera_id": "7795", "image_metadata": {"height": 480, "width": 640, "md5": "5a1dcda6f73e036ecf99a0108c6f1ceb"}}, {"timestamp": "2019-01-20T14:41:19+08:00", "image": "https://images.data.gov.sg/api/traffic-images/2019/01/ac914396-5a6a-4744-9ec3-e3476fc01a46.jpg", "location": {"latitude": 1.39559294, "longitude": 103.90515712}, "camera_id": "7796", "image_metadata": {"height": 480, "width": 640, "md5": "1c391a527352d3fb44b032225823e5af"}}, {"timestamp": "2019-01-20T14:41:19+08:00", "image": "https://images.data.gov.sg/api/traffic-images/2019/01/e1ccdab3-912d-41c0-a955-891dff0f19d5.jpg", "location": {"latitude": 1.40002575, "longitude": 103.85702534}, "camera_id": "7797", "image_metadata": {"height": 480, "width": 640, "md5": "eb5a59f81bd9c0190d6403f1cc9413b6"}}, {"timestamp": "2019-01-20T14:41:19+08:00", "image": "https://images.data.gov.sg/api/traffic-images/2019/01/da296d3a-b580-4da9-ab08-3e0a5c6f6288.jpg", "location": {"latitude": 1.39748842, "longitude": 103.85400467}, "camera_id": "7798", "image_metadata": {"height": 480, "width": 640, "md5": "ab2f7a6070ec7b6eeb7e4ce6540d669f"}}, {"timestamp": "2019-01-20T14:41:19+08:00", "image": "https://images.data.gov.sg/api/traffic-images/2019/01/cc1d7662-b24c-492b-a479-e3b77296d411.jpg", "location": {"latitude": 1.38647, "longitude": 103.74143}, "camera_id": "8701", "image_metadata": {"height": 480, "width": 640, "md5": "9ccf747f51e5876c2604d799c6982bfd"}}, {"timestamp": "2019-01-20T14:41:19+08:00", "image": "https://images.data.gov.sg/api/traffic-images/2019/01/53e9644f-3895-488d-b191-4833c20698aa.jpg", "location": {"latitude": 1.39059, "longitude": 103.7717}, "camera_id": "8702", "image_metadata": {"height": 480, "width": 640, "md5": "f62a86fc37c6f98969f054518c9303cd"}}, {"timestamp": "2019-01-20T14:41:19+08:00", "image": "https://images.data.gov.sg/api/traffic-images/2019/01/5e808ed3-7642-4d82-aeec-9859362e07d9.jpg", "location": {"latitude": 1.3899, "longitude": 103.74843}, "camera_id": "8704", "image_metadata": {"height": 480, "width": 640, "md5": "d10aa15e21fb23f388731fe0062d9292"}}, {"timestamp": "2019-01-20T14:41:19+08:00", "image": "https://images.data.gov.sg/api/traffic-images/2019/01/be0a4a1c-89c9-48f7-9414-b4da6e03c4e5.jpg", "location": {"latitude": 1.3664, "longitude": 103.70899}, "camera_id": "8706", "image_metadata": {"height": 480, "width": 640, "md5": "b2f7e800372d299098b91a625ab27a7e"}}, {"timestamp": "2019-01-20T14:41:19+08:00", "image": "https://images.data.gov.sg/api/traffic-images/2019/01/74bdc77d-9648-4639-8092-b146440d3eca.jpg", "location": {"latitude": 1.39466333, "longitude": 103.83474601}, "camera_id": "9701", "image_metadata": {"height": 288, "width": 384, "md5": "a72c172981292924618c62abd8e50ad6"}}, {"timestamp": "2019-01-20T14:41:19+08:00", "image": "https://images.data.gov.sg/api/traffic-images/2019/01/9a18fdf0-c077-41a2-b956-fea24587639d.jpg", "location": {"latitude": 1.39474081, "longitude": 103.81797086}, "camera_id": "9702", "image_metadata": {"height": 480, "width": 640, "md5": "6c2f9a55fda8c1c020e6fba97e7cdc3e"}}, {"timestamp": "2019-01-20T14:41:19+08:00", "image": "https://images.data.gov.sg/api/traffic-images/2019/01/55c2440d-cafb-4467-9401-7843aec65f16.jpg", "location": {"latitude": 1.422857, "longitude": 103.773005}, "camera_id": "9703", "image_metadata": {"height": 480, "width": 640, "md5": "28670d647c172b8240c915eceefc1f3b"}}, {"timestamp": "2019-01-20T14:41:19+08:00", "image": "https://images.data.gov.sg/api/traffic-images/2019/01/5252e347-47b8-47e6-b1e2-82756cc975eb.jpg", "location": {"latitude": 1.42214311, "longitude": 103.79542062}, "camera_id": "9704", "image_metadata": {"height": 480, "width": 640, "md5": "5fd826d5dfe6b6ff3f2f8a20bc2d07f1"}}, {"timestamp": "2019-01-20T14:41:19+08:00", "image": "https://images.data.gov.sg/api/traffic-images/2019/01/3aa99f75-f96d-4649-b1ca-d9d2b3d28471.jpg", "location": {"latitude": 1.42627712, "longitude": 103.78716637}, "camera_id": "9705", "image_metadata": {"height": 480, "width": 640, "md5": "cd1c37716472e6403970e97823a13357"}}, {"timestamp": "2019-01-20T14:41:19+08:00", "image": "https://images.data.gov.sg/api/traffic-images/2019/01/ffac8e23-8f85-48e3-aeea-d5843ed2d754.jpg", "location": {"latitude": 1.41270056, "longitude": 103.80642712}, "camera_id": "9706", "image_metadata": {"height": 480, "width": 640, "md5": "ce553328c5320000ac5fc0de495c6585"}}, {"timestamp": "2019-01-20T14:40:38+08:00", "image": "https://images.data.gov.sg/api/traffic-images/2019/01/790de019-30ae-403c-8c58-9333e2946740.jpg", "location": {"latitude": 1.363519886, "longitude": 103.905394}, "camera_id": "1005", "image_metadata": {"height": 240, "width": 320, "md5": "533a502586d9837b571ff532d3c98e88"}}, {"timestamp": "2019-01-20T14:38:18+08:00", "image": "https://images.data.gov.sg/api/traffic-images/2019/01/9e6203b6-bd7a-49a5-960c-4ae4a72eace9.jpg", "location": {"latitude": 1.29531332, "longitude": 103.871146}, "camera_id": "1001", "image_metadata": {"height": 240, "width": 320, "md5": "4109f1756bda495372d9823d385dd26d"}}, {"timestamp": "2019-01-20T14:38:18+08:00", "image": "https://images.data.gov.sg/api/traffic-images/2019/01/27323ef3-2134-4a6f-b37a-93ac5cc42589.jpg", "location": {"latitude": 1.319541067, "longitude": 103.8785627}, "camera_id": "1002", "image_metadata": {"height": 240, "width": 320, "md5": "866347c9da472e3605bdddce9581fc17"}}, {"timestamp": "2019-01-20T14:38:18+08:00", "image": "https://images.data.gov.sg/api/traffic-images/2019/01/f0c70f16-1ed7-4c13-9d25-2f14519e16fd.jpg", "location": {"latitude": 1.323957439, "longitude": 103.8728576}, "camera_id": "1003", "image_metadata": {"height": 240, "width": 320, "md5": "8825d6e8301418b8400dc819c7e0fc73"}}, {"timestamp": "2019-01-20T14:38:18+08:00", "image": "https://images.data.gov.sg/api/traffic-images/2019/01/144e8ebd-5639-474c-8fd4-cc9d13e19f27.jpg", "location": {"latitude": 1.319535712, "longitude": 103.8750668}, "camera_id": "1004", "image_metadata": {"height": 240, "width": 320, "md5": "b5bb5ab1666688dad6c1211e55757c4d"}}, {"timestamp": "2019-01-20T14:38:18+08:00", "image": "https://images.data.gov.sg/api/traffic-images/2019/01/2ae7689e-cee5-4f07-9e76-5dddeded7221.jpg", "location": {"latitude": 1.357098686, "longitude": 103.902042}, "camera_id": "1006", "image_metadata": {"height": 240, "width": 320, "md5": "f590c6ece5db15f1d196020e59190be0"}}, {"timestamp": "2019-01-20T14:38:18+08:00", "image": "https://images.data.gov.sg/api/traffic-images/2019/01/6da55ea2-74d4-496a-bec7-025e20d49530.jpg", "location": {"latitude": 1.3983, "longitude": 103.774247}, "camera_id": "2707", "image_metadata": {"height": 480, "width": 640, "md5": "e976e800705abe5e5eeacb45a5d6feae"}}, {"timestamp": "2019-01-20T14:38:18+08:00", "image": "https://images.data.gov.sg/api/traffic-images/2019/01/36f31bd1-6a60-4ae5-92fe-58b86ad061a9.jpg", "location": {"latitude": 1.32743, "longitude": 103.97383}, "camera_id": "3705", "image_metadata": {"height": 480, "width": 640, "md5": "057b828ca643aa35addde82628102673"}}, {"timestamp": "2019-01-20T14:35:18+08:00", "image": "https://images.data.gov.sg/api/traffic-images/2019/01/14bd45b7-014e-42ef-91ef-89cac1d33981.jpg", "location": {"latitude": 1.27135090682664, "longitude": 103.861828440597}, "camera_id": "1502", "image_metadata": {"height": 240, "width": 320, "md5": "33f697da69f3ef666193a86bbec7424d"}}, {"timestamp": "2019-01-20T14:35:18+08:00", "image": "https://images.data.gov.sg/api/traffic-images/2019/01/9812c993-152e-479a-91ce-2be13f557ea4.jpg", "location": {"latitude": 1.35047790791386, "longitude": 103.791033581325}, "camera_id": "2703", "image_metadata": {"height": 480, "width": 640, "md5": "86730f95792962e9526ade47c46f8149"}}]}], "api_info": {"status": "healthy"}}